"Year","Term.Number","Department","Course.Number","Number.of.Sections","Enrollments","Median.GPA.Points","Average.Section.Size"
2021,3,"AAAS",31.1,1,14,4,14
2021,3,"AAAS",31.9,1,17,4,17
2021,3,"AAAS",60.01,1,19,3.66666666666667,14
2021,3,"AAAS",62.75,1,29,4,29
2021,3,"AAAS",65.65,1,16,3.33333333333333,16
2021,3,"AAAS",88.19,1,19,4,19
2021,3,"ANTH",3,1,58,3.66666666666667,58
2021,3,"ANTH",18,1,16,4,16
2021,3,"",12.19,1,24,4,24
2021,3,"ARTH",17.06,1,21,3.66666666666667,21
2021,3,"ARTH",47.01,1,27,3.66666666666667,27
2021,3,"ARTH",62.71,1,19,3.66666666666667,21
2021,3,"ASCL",54.09,1,22,3.66666666666667,22
2021,3,"ASCL",60.24,1,25,4,25
2021,3,"ASCL",70.18,2,88,4,44
2021,3,"ASTR",1,1,97,3.33333333333333,97
2021,3,"ASTR",2,2,62,4,31
2021,3,"BIOL",13,1,71,3,71
2021,3,"BIOL",8.04,1,13,4,13
2021,3,"BIOL",45,1,19,4,19
2021,3,"CHEM",52,1,65,3,49
2021,3,"CHEM",63,1,16,3.5,16
2021,3,"CLST",4,2,102,3.85947712418301,51
2021,3,"CLST",12.02,2,29,3.66666666666667,14.5
2021,3,"",31,1,17,4,17
2021,3,"COGS",11.03,1,17,3.66666666666667,17
2022,1,"",18.04,1,32,4,32
2021,3,"COLT",39.03,1,16,4,16
2021,3,"COLT",40.23,1,16,3.33333333333333,16
2021,3,"COLT",57.1,1,44,4,44
2021,3,"COSC",21,1,25,4,25
2021,3,"COSC",30,1,55,3.33333333333333,63
2021,3,"COSC",50,1,41,4,41
2021,3,"COSC",56,1,36,3.66666666666667,36
2021,3,"COSC",59,1,30,4,30
2021,3,"CRWT",11,2,23,4,11.5
2021,3,"EARS",5,1,71,3.66666666666667,71
2021,3,"EARS",40,1,27,4,27
2021,3,"ECON",20,2,84,3.33333333333333,42
2021,3,"ECON",2,2,110,3.33333333333333,55
2021,3,"",22,1,39,3.33333333333333,39
2021,3,"ECON",26,2,92,3.66666666666667,46
2021,3,"EDUC",17,1,10,2.66666666666667,15
2021,3,"ENGL",44,1,13,3.66666666666667,20
2021,3,"",48,1,19,4,10
2021,3,"ENGL",52.1,1,21,3.66666666666667,23
2021,3,"ENGL",53.22,1,12,3.66666666666667,12
2021,3,"ENGL",53.39,1,29,4,29
2021,3,"ENGL",64.01,1,15,3.66666666666667,15
2021,3,"ENGS",2,1,50,4,50
2021,3,"ENGS",21,1,42,4,42
2021,3,"ENGS",22,1,39,4,39
2021,3,"ENGS",25,1,13,3.82758620689655,13
2021,3,"ENGS",27,1,19,4,19
2021,3,"ENGS",31,1,36,3.66666666666667,36
2021,3,"ENGS",33,1,14,4,14
2021,3,"ENGS",37,2,27,3.60493827160494,13.5
2021,3,"ENGS",37,1,16,3.66666666666667,16
2021,3,"ENVS",25,1,17,4,17
2021,3,"ENVS",80.11,1,18,4,18
2021,3,"ENVS",80.12,1,25,3.66666666666667,25
2021,3,"FILM",1,1,45,4,45
2021,3,"FILM",19.03,1,10,4,10
2021,3,"FILM",42.22,1,25,3.66666666666667,25
2021,3,"FILM",44.09,1,15,4,14
2021,3,"FILM",49.02,1,17,4,17
2021,3,"FREN",3,1,12,3.33333333333333,12
2021,3,"FRIT",37.04,1,16,4,16
2021,3,"GEOG",24,1,22,3.66666666666667,22
2021,3,"",6.01,1,23,3.66666666666667,23
2021,3,"GEOG",50.02,1,20,4,20
2021,3,"GEOG",50.03,1,17,4,17
2021,3,"GERM",26,1,18,4,18
2021,3,"GOVT",6,1,22,3.33333333333333,22
2021,3,"GOVT",20.02,1,22,3.33333333333333,22
2021,3,"GOVT",30.15,2,26,4,10
2021,3,"GOVT",50.02,1,28,3.33333333333333,28
2021,3,"GOVT",60.2,1,21,3.66666666666667,21
2021,3,"GOVT",85.29,1,15,3.66666666666667,11
2021,3,"GOVT",86.04,1,12,4,12
2021,3,"HIST",26,1,22,3.66666666666667,18
2021,3,"HIST",29,1,19,3.66666666666667,19
2021,3,"HIST",34,1,27,3.66666666666667,27
2021,3,"HIST",64,1,31,4,31
2021,3,"HIST",8.04,1,13,4,13
2021,3,"HIST",87,1,28,4,28
2021,3,"HIST",10.02,1,18,3.66666666666667,20
2021,3,"HIST",16.02,1,19,3.66666666666667,19
2021,3,"",33.01,1,26,4,26
2021,3,"",38.02,1,45,3.66666666666667,45
2021,3,"HIST",4,1,13,3.66666666666667,13
2021,3,"HIST",41.02,1,29,4,29
2021,3,"HUM",4.02,2,98,4,49
2021,3,"JWST",3,1,28,4,28
2021,3,"JWST",15.01,1,16,3.66666666666667,16
2021,3,"LACS",76,1,28,4,28
2021,3,"LACS",42.1,1,29,4,29
2021,3,"LAT",30.08,1,14,3.66666666666667,14
2021,3,"LATS",44,1,24,4,24
2021,3,"LING",1,1,38,3.66666666666667,38
2021,3,"LING",26,1,19,4,19
2021,3,"LING",11.14,1,14,3.66666666666667,14
2021,3,"MATH",20,1,14,3.66666666666667,14
2021,3,"MATH",22,1,27,3.66666666666667,27
2021,3,"MATH",31,1,35,4,35
2021,3,"MATH",54,1,10,3.66666666666667,10
2021,3,"",76,1,30,4,28
2021,3,"MES",10.1,1,28,3.66666666666667,28
2021,3,"MES",16.39,1,16,3.33333333333333,16
2021,3,"MES",17.07,1,20,3.66666666666667,22
2021,3,"MES",18.03,1,21,3.66666666666667,21
2021,3,"",3.03,1,20,4,20
2021,3,"MUS",51,1,29,4,29
2021,3,"NAS",9,1,45,3.66666666666667,45
2021,3,"PBPL",40,1,34,3.33333333333333,24
2021,3,"PHIL",1.08,1,27,3.66666666666667,27
2021,3,"PHIL",1.19,1,26,4,26
2021,3,"",37,1,19,3.66666666666667,12
2021,3,"PHIL",50.35,1,17,4,17
2021,3,"PHYS",6.02,1,35,3.66666666666667,35
2021,4,"PHYS",44,1,22,3.33333333333333,22
2021,3,"PORT",11,1,10,4,10
2021,3,"PSYC",10,1,13,3.33333333333333,13
2021,3,"PSYC",11,1,37,4,37
2021,3,"PSYC",25,1,38,3.33333333333333,38
2021,3,"PSYC",50.08,1,31,3.66666666666667,31
2021,3,"PSYC",52.05,1,33,3.66666666666667,34
2021,3,"REL",12,2,101,3.66666666666667,50.5
2021,3,"REL",15.01,1,17,4,17
2021,3,"REL",16.04,1,19,3.66666666666667,17
2021,3,"REL",19.36,1,20,4,20
2021,3,"REL",29.01,1,12,3.66666666666667,12
2021,3,"RUSS",33,1,14,4,14
2021,3,"RUSS",90.11,1,17,4,17
2021,3,"",24,1,20,4,20
2021,3,"SART",15,1,16,4,16
2021,3,"SART",16,1,12,4,12
2021,3,"SART",25,1,12,4,12
2021,3,"SART",29,1,12,4,12
2021,3,"SART",31,1,10,4,10
2021,4,"SOCY",45,1,21,4,21
2021,3,"SOCY",43,1,24,4,24
2021,3,"SOCY",66,1,16,3.66666666666667,16
2021,3,"SOCY",49.02,1,15,3.33333333333333,15
2021,3,"SPAN",2,1,12,3.66666666666667,12
2021,3,"SPAN",3,2,66,3.66666666666667,33
2021,3,"SPAN",43.06,1,12,4,12
2021,3,"",55.09,1,10,3.66666666666667,10
2021,3,"THEA",65,1,13,3.83333333333333,13
2021,3,"THEA",10.51,1,17,4,17
2021,3,"THEA",2,1,14,4,14
2021,3,"WGSS",26.02,1,19,4,19
2021,3,"WGSS",26.03,1,13,4,13
2021,3,"WGSS",66.06,1,18,4,18
2021,4,"AAAS",11,1,24,3.66666666666667,24
2021,4,"AAAS",12,1,21,3.66666666666667,21
2021,4,"AAAS",20.01,1,10,3,35
2021,4,"AAAS",22.1,1,20,4,20
2021,4,"AAAS",28.1,1,18,4,18
2021,4,"AAAS",39.06,1,26,4,26
2021,4,"AAAS",60.5,1,19,4,19
2021,4,"ANTH",1,1,28,3.33333333333333,28
2021,3,"ANTH",6,2,172,4,86
2021,4,"ANTH",32,1,59,4,59
2021,4,"ANTH",11,1,28,3.66666666666667,28
2021,4,"ANTH",17,1,28,3.66666666666667,28
2021,4,"",31,1,29,4,29
2021,4,"ANTH",75,1,12,4,12
2021,4,"ANTH",50.34,1,55,4,55
2021,4,"",1,1,11,4,11
2021,4,"",1,1,62,3.66666666666667,48
2021,4,"ARTH",11.02,1,23,3.66666666666667,23
2021,4,"ARTH",27.03,1,20,4,20
2021,4,"ARTH",28.01,1,22,4,22
2021,4,"ARTH",32.21,1,21,3.66666666666667,21
2021,4,"ARTH",38.03,1,20,4,19
2021,4,"ARTH",41.02,1,19,3.66666666666667,19
2021,4,"ARTH",89.02,1,11,3.66666666666667,11
2021,4,"ASCL",1.01,1,25,3.66666666666667,25
2021,4,"ASCL",10.02,1,25,4,25
2021,4,"ASCL",51.04,1,28,4,44
2021,4,"ASCL",62.1,1,16,3.66666666666667,16
2021,4,"",60.05,1,12,4,12
2021,4,"ASCL",60.2,1,38,4,29
2021,4,"ASCL",62.1,1,21,3.66666666666667,21
2021,4,"ASCL",64.14,1,22,4,22
2021,4,"ASCL",67.01,1,19,3.33333333333333,19
2021,4,"ASCL",70.02,1,19,4,19
2021,4,"ASCL",70.2,1,36,4,36
2021,4,"ASCL",80.08,1,14,3.66666666666667,14
2021,4,"ASTR",2,1,29,4,29
2021,4,"ASTR",3,1,18,3.66666666666667,25
2021,4,"BIOL",2,1,34,4,34
2021,4,"BIOL",12,2,92,3,48.3333333333333
2021,4,"BIOL",14,1,46,3.16666666666667,46
2021,4,"BIOL",16,1,39,3.33333333333333,39
2021,4,"BIOL",19,1,23,3.33333333333333,23
2021,4,"BIOL",24,1,24,3.66666666666667,24
2021,4,"BIOL",91,1,14,3.33333333333333,14
2021,4,"BIOL",40,1,53,3,53
2021,4,"BIOL",41,1,14,3.5,14
2021,4,"",47,1,16,3,16
2021,4,"BIOL",48,1,23,3.33333333333333,24
2021,4,"BIOL",72,1,10,3.33333333333333,24
2021,4,"BIOL",11.07,1,38,3,48
2021,4,"CHEM",5,1,182,3.33333333333333,109
2021,4,"CHEM",6,1,40,3.33333333333333,81
2021,4,"CHEM",51,1,18,3.33333333333333,23
2021,4,"",1,1,12,4,12
2021,4,"CHIN",4,2,24,3.84722222222222,12
2021,4,"CHIN",31,1,14,4,12
2021,4,"CLST",6,1,21,4,21
2021,4,"CLST",1.03,1,85,3.66666666666667,85
2021,4,"CLST",17,1,23,3.66666666666667,23
2021,4,"CLST",11.02,1,14,4,14
2021,4,"CLST",7.58,1,28,4,28
2021,4,"COCO",26,1,19,4,14
2021,4,"COGS",21,1,30,3.66666666666667,30
2021,4,"",7.02,1,24,4,24
2021,4,"COGS",44,1,148,4,85
2021,4,"COGS",69,1,26,3.83333333333333,26
2021,4,"COGS",50.05,1,33,4,33
2021,4,"COLT",1,1,50,4,50
2021,4,"COLT",10.23,1,16,3.83333333333333,30
2021,4,"COLT",40.01,1,14,4,14
2021,4,"COLT",40.07,1,74,4,74
2021,4,"COLT",64.11,1,22,4,22
2021,4,"COLT",62.04,1,33,4,35
2021,4,"COLT",64.01,1,71,4,38
2021,4,"COLT",66.01,1,37,4,37
2021,4,"COSC",13,2,194,4,97
2021,4,"COSC",10,2,104,3.66666666666667,52
2021,4,"COSC",36,1,30,3.66666666666667,30
2021,4,"COSC",22,1,27,4,27
2021,4,"COSC",61,1,16,3.5,19
2021,4,"COSC",30,1,63,3.33333333333333,63
2021,4,"COSC",50,3,64,3.80208333333333,21.3333333333333
2021,4,"COSC",51,1,40,3.66666666666667,35
2021,4,"COSC",60,1,10,4,10
2021,4,"COSC",70,1,42,4,42
2021,4,"COSC",71,1,10,3.33333333333333,10
2021,4,"COSC",74,1,81,4,81
2021,4,"COSC",76,1,85,3.33333333333333,85
2021,4,"COSC",87.05,1,27,4,27
2021,4,"COSC",87,1,10,3.33333333333333,11
2021,4,"COSC",63.01,1,10,4,10
2021,4,"",89.28,1,13,3.66666666666667,13
2021,4,"",10,1,13,4,13
2021,4,"CRWT",12,1,11,4,11
2021,4,"CRWT",60,1,11,4,15
2021,4,"EARS",1,1,56,3.66666666666667,56
2021,4,"EARS",6,2,148,3.66666666666667,74
2021,4,"",8,1,10,3.66666666666667,10
2021,4,"EARS",14,1,49,4,49
2021,4,"EARS",35,1,14,3.5,14
2021,4,"EARS",36,1,16,3.66666666666667,27
2021,4,"EARS",45,1,19,3.66666666666667,19
2021,4,"EARS",46,1,19,3.66666666666667,19
2021,4,"",47,1,19,4,19
2021,4,"EARS",77,1,13,4,13
2021,4,"ECON",1,5,325,3.33333333333333,65
2021,4,"ECON",2,1,42,3.66666666666667,41
2021,4,"ECON",5,1,23,3.66666666666667,23
2021,4,"ECON",10,2,100,3.33333333333333,50
2021,4,"ECON",20,2,50,3.33333333333333,56
2021,4,"",2,4,198,3.51178451178451,49.5
2021,4,"ECON",22,2,130,3.33333333333333,65
2021,4,"ECON",24,2,104,3.66666666666667,79
2021,4,"",2.01,2,80,3.33333333333333,40
2021,4,"ECON",26,2,84,3.33333333333333,42
2021,4,"ECON",27,2,124,3.33333333333333,62
2021,4,"ECON",28,2,31,3.33333333333333,35
2021,4,"ECON",29,2,40,4,20
2021,4,"ECON",32,2,76,3.66666666666667,38
2021,4,"ECON",36,2,74,3.33333333333333,37
2021,4,"ECON",6,2,132,3.66666666666667,66
2021,4,"ECON",76,1,21,4,21
2021,4,"ECON",77,1,20,3.66666666666667,20
2021,4,"",78,1,13,4,13
2021,4,"ECON",80,1,11,4,11
2021,4,"EDUC",1,1,49,3.66666666666667,49
2021,4,"ENGL",1,1,48,4,48
2021,4,"ENGL",15,1,37,3.66666666666667,37
2021,4,"ENGL",47,1,19,3.66666666666667,19
2021,4,"ENGL",52.05,1,18,3.83333333333333,18
2021,4,"ENGL",52.06,1,35,3.66666666666667,35
2021,4,"ENGL",53.49,1,15,3.66666666666667,15
2021,4,"ENGL",54.15,1,14,4,14
2021,4,"ENGL",63.06,1,20,3.33333333333333,20
2021,4,"ENGL",64.05,1,16,4,16
2021,4,"ENGS",4,1,30,3.83333333333333,30
2021,4,"ENGS",12,2,43,3.81395348837209,21.5
2021,4,"ENGS",13,1,231,4,104
2021,4,"ENGS",20,1,21,3.33333333333333,21
2021,4,"",21,1,90,4,90
2021,4,"ENGS",22,1,45,3.66666666666667,45
2021,4,"ENGS",7.01,1,37,3.66666666666667,37
2021,4,"ENGS",26,1,12,4,14
2021,4,"",27,1,11,4,11
2021,4,"",32,1,12,3.83333333333333,12
2021,4,"ENGS",33,1,19,3.66666666666667,19
2021,4,"ENGS",35,1,16,3.16666666666667,22
2021,4,"ENGS",37,1,53,4,53
2021,4,"",50,3,56,3.80208333333333,21.3333333333333
2021,4,"ENGS",66,1,63,3.33333333333333,63
2021,4,"",56,1,26,3.66666666666667,26
2021,4,"ENGS",16.01,1,76,3.66666666666667,67
2021,4,"",91,1,10,3.33333333333333,10
2021,4,"ENGS",92,1,13,3.66666666666667,13
2021,4,"",93,1,23,3.66666666666667,23
2021,4,"ENVS",14,1,107,3.66666666666667,107
2021,4,"",17,1,47,4,47
2021,4,"ENVS",30,1,29,3.66666666666667,29
2021,4,"ENVS",60,1,27,4,27
2021,4,"ENVS",67,1,30,4,30
2021,4,"ENVS",79,1,14,3.5,14
2021,4,"ENVS",40.01,1,12,4,12
2021,4,"ENVS",42.01,1,12,4,12
2021,4,"ENVS",84.01,1,12,3.5,12
2021,4,"",1,1,33,3.66666666666667,38
2021,4,"FILM",20,1,23,3.66666666666667,23
2021,4,"FILM",30,1,11,4,12
2021,4,"",33,1,14,4,14
2021,4,"FILM",40,1,13,4,13
2021,4,"FILM",22,1,11,4,12
2021,4,"FILM",42.02,1,11,4,13
2021,4,"FILM",42.17,1,19,3.33333333333333,19
2021,4,"FILM",46.01,1,26,3.33333333333333,26
2021,4,"FILM",47.32,1,13,4,13
2021,4,"FILM",3,1,74,3.66666666666667,74
2021,4,"FREN",1,1,11,4,11
2021,4,"FREN",3,4,58,3.83908045977011,14.5
2021,4,"FREN",8,1,15,4,15
2021,4,"FREN",24,1,10,4,10
2021,4,"FREN",70.02,1,12,4,14
2021,4,"GEOG",2.01,1,31,4,21
2021,4,"GEOG",25,1,19,3.66666666666667,19
2021,4,"GEOG",4.01,1,24,4,42
2021,4,"GEOG",57,1,10,3.83333333333333,10
2021,4,"GEOG",71,1,19,4,19
2021,4,"GEOG",77,1,16,4,13
2021,4,"GEOG",8.01,1,35,3.66666666666667,35
2021,4,"GEOG",9.01,1,40,3.33333333333333,40
2021,4,"GEOG",21.01,1,30,3.66666666666667,30
2021,4,"GEOG",32.01,1,18,4,18
2021,4,"GEOG",40.03,1,18,4,18
2021,4,"GEOG",47.01,1,30,4,31
2021,4,"GERM",1,2,24,3.66666666666667,12
2021,4,"",15,1,71,4,71
2021,4,"GERM",10.01,1,14,4,14
2021,4,"GERM",42.06,1,11,4,14
2021,4,"GERM",41,1,17,4,17
2021,4,"GERM",43.05,1,19,3.33333333333333,19
2021,4,"GOVT",3,1,33,3.66666666666667,33
2021,4,"GOVT",4,1,45,3.33333333333333,45
2021,4,"GOVT",5,2,78,3.33333333333333,39
2021,4,"",6,1,31,3.33333333333333,35
2021,4,"GOVT",10,2,53,3.33333333333333,26.5
2021,4,"GOVT",16,1,30,3.66666666666667,30
2021,4,"GOVT",37,1,18,4,18
2021,4,"GOVT",39,1,16,3.33333333333333,16
2021,4,"GOVT",68,1,64,3.33333333333333,64
2021,4,"GOVT",64.12,1,16,4,16
2021,4,"GOVT",20.01,1,26,3.33333333333333,26
2021,4,"",20.05,1,25,3.66666666666667,25
2021,4,"GOVT",30.03,1,30,3.66666666666667,30
2021,4,"GOVT",40.03,1,19,3.33333333333333,19
2021,4,"GOVT",40.09,1,15,3.33333333333333,23
2021,4,"GOVT",40.25,1,35,3.66666666666667,35
2021,4,"GOVT",60.23,1,17,3.33333333333333,17
2021,4,"GOVT",64.01,1,27,3.33333333333333,27
2021,4,"GOVT",81.16,1,15,3.66666666666667,14
2021,4,"GOVT",83.05,1,16,3.66666666666667,16
2021,4,"GOVT",83.25,1,15,3.66666666666667,15
2021,4,"GOVT",83.28,1,12,3.66666666666667,12
2021,4,"GOVT",85.08,1,25,3.66666666666667,16
2021,4,"GOVT",85.16,1,17,3.66666666666667,20
2021,4,"GOVT",85.39,1,14,3.66666666666667,14
2021,4,"GOVT",86.25,1,24,3.66666666666667,23
2021,4,"GOVT",86.4,1,19,4,14
2021,4,"GOVT",86.45,1,22,4,22
2021,4,"",14,1,58,3.33333333333333,58
2021,4,"HIST",16,1,21,3.66666666666667,21
2021,4,"HIST",26,1,16,3.66666666666667,16
2021,4,"HIST",36,1,30,3.5,45
2021,4,"HIST",21,1,33,3.66666666666667,35
2021,4,"HIST",49,1,11,3.33333333333333,11
2021,4,"HIST",5.04,1,25,4,25
2021,4,"HIST",5.13,1,35,4,34
2021,4,"HIST",71,1,25,4,25
2021,4,"HIST",77,1,14,3.66666666666667,14
2021,4,"HIST",85,1,13,4,13
2021,4,"HIST",24,1,10,4,10
2021,4,"HIST",25.02,1,33,3.66666666666667,33
2021,4,"HIST",31.01,1,27,4,27
2021,4,"HIST",43.01,1,23,3.66666666666667,23
2021,4,"HIST",78.04,1,22,4,22
2021,4,"HIST",65,1,11,3.66666666666667,15
2021,4,"HIST",90.11,1,17,3.33333333333333,17
2021,4,"HIST",90.13,1,11,4,14
2021,4,"HIST",94.05,1,23,3.66666666666667,23
2021,4,"HIST",96.38,1,13,4,13
2021,4,"HUM",1,6,92,3.77536231884058,15.3333333333333
2021,4,"INTS",16,1,35,3.66666666666667,35
2021,4,"INTS",18,1,30,3.66666666666667,30
2021,4,"ITAL",1,2,32,3.84375,16
2021,4,"ITAL",3,1,12,4,12
2021,4,"ITAL",11,1,14,3.66666666666667,14
2021,4,"ITAL",14,1,13,4,15
2021,4,"ITAL",37.11,1,22,4,22
2021,4,"",1,2,37,3.83783783783784,18.5
2021,4,"JWST",4,1,21,3.66666666666667,21
2021,4,"JWST",51,1,11,4,11
2021,4,"JWST",37.02,1,119,4,71
2021,4,"JWST",40.01,1,15,3.33333333333333,15
2021,4,"LACS",80.11,1,34,4,11
2021,4,"LACS",50.09,1,25,3.66666666666667,27
2021,4,"LAT",50.03,3,55,4,18.3333333333333
2021,4,"LAT",3,2,27,3.66666666666667,13.5
2021,4,"LAT",20,1,10,4,10
2021,4,"LATS",3,1,24,3.66666666666667,12
2021,4,"",5,1,15,3.66666666666667,15
2021,4,"LATS",31,1,27,4,27
2021,4,"LATS",45,1,30,3.66666666666667,15
2021,4,"LING",1,2,42,3.33333333333333,28
2021,4,"LING",5,1,19,3.66666666666667,19
2021,4,"LING",22,1,17,3.83333333333333,17
2021,4,"LING",50.01,1,33,4,33
2021,4,"",1,4,300,3.33333333333333,75
2021,4,"MATH",1,6,1175,4,235
2021,4,"",8,3,231,3,77
2021,4,"MATH",9,2,32,3.16666666666667,16
2021,4,"MATH",11,4,444,3.66666666666667,111
2021,4,"",13,1,35,3.33333333333333,35
2021,4,"",51.13,1,33,4,33
2021,4,"",22,2,92,3.33333333333333,46
2021,4,"MATH",23,2,70,3.66666666666667,35
2021,4,"MATH",25,1,15,4,15
2021,4,"MATH",36,1,32,3.66666666666667,32
2021,4,"MATH",50,1,72,3.66666666666667,72
2021,4,"MATH",68,1,11,3.66666666666667,11
2021,4,"MATH",71,1,15,4,15
2021,4,"",50.02,1,35,3.66666666666667,35
2021,4,"MES",6.02,1,54,4,54
2021,4,"MES",31,1,35,3.66666666666667,35
2021,4,"MES",12.09,1,15,3.33333333333333,15
2021,4,"MES",13.12,1,19,4,19
2021,4,"MUS",1,1,30,4,30
2021,4,"MUS",20,1,32,4,30
2021,4,"",21,1,18,3.66666666666667,18
2021,4,"",25,1,16,4,14
2021,4,"",26,1,10,4,10
2021,4,"MUS",36,1,17,3.66666666666667,17
2021,4,"MUS",42,1,19,4,19
2021,4,"MUS",28,1,74,4,74
2021,4,"MUS",51,1,27,3.66666666666667,27
2021,4,"MUS",99,1,16,3.66666666666667,16
2021,4,"MUS",16.02,1,19,3.66666666666667,19
2021,4,"MUS",18.02,1,26,4,22
2021,4,"",40.06,1,13,4,13
2021,4,"MUS",57.03,1,14,4,11
2021,4,"NAS",8,1,35,3.66666666666667,35
2021,4,"",11,1,28,3.66666666666667,35
2021,4,"NAS",14,1,80,3.33333333333333,58
2021,4,"",25,1,78,3.66666666666667,78
2021,4,"NAS",30.22,1,11,4,11
2021,4,"PBPL",43,1,20,3.66666666666667,20
2021,4,"PBPL",44,1,18,3.5,16
2021,4,"PBPL",54.09,1,32,3.66666666666667,16
2021,4,"PBPL",83.01,1,12,3.66666666666667,12
2021,4,"PHIL",3,1,19,3.66666666666667,19
2021,4,"PHIL",4,1,29,4,29
2021,4,"PHIL",9,1,25,3,30
2021,4,"PHIL",1.01,1,27,3.66666666666667,27
2021,4,"PHIL",1.03,1,30,4,30
2021,4,"PHIL",1.11,1,27,4,27
2021,4,"PHIL",1.14,1,18,4,20
2021,4,"PHIL",1.16,1,28,3.83333333333333,28
2021,4,"PHIL",11,1,22,3.66666666666667,22
2021,4,"PHIL",26,1,24,4,24
2021,4,"PHIL",9.01,1,27,3.66666666666667,27
2021,4,"PHIL",16.02,1,15,3.66666666666667,15
2021,4,"PHIL",38.03,1,22,4,15.3333333333333
2021,4,"PHIL",50.36,1,18,4,18
2021,4,"PHYS",3,1,28,3.66666666666667,28
2021,4,"PHYS",13,2,186,3.33333333333333,97
2021,4,"PHYS",15,1,26,4,31
2021,4,"",19,1,11,4,10
2021,4,"PHYS",43,1,16,4,16
2021,4,"PHYS",23.61,1,12,3.83333333333333,12
2021,4,"PHYS",70,1,13,3.66666666666667,13
2021,4,"",77,1,14,4,14
2021,4,"PSYC",1,1,199,3,199
2021,4,"PSYC",6,1,76,3.16666666666667,76
2021,4,"PSYC",10,1,33,3.33333333333333,33
2021,4,"PSYC",11,1,23,3.66666666666667,23
2021,4,"PSYC",21,1,66,3.33333333333333,66
2021,4,"PSYC",2,1,51,3,42
2021,4,"PSYC",35,1,14,3.33333333333333,14
2021,4,"PSYC",36,1,20,3.33333333333333,20
2021,4,"PSYC",37,1,24,3.66666666666667,23
2021,4,"PSYC",40,1,30,3.66666666666667,30
2021,4,"PSYC",60,1,11,3.66666666666667,18
2021,4,"PSYC",50.09,1,26,3.33333333333333,27
2021,4,"PSYC",51.01,1,16,4,19
2021,4,"PSYC",51.13,1,33,4,33
2021,4,"PSYC",52.04,1,28,3.66666666666667,28
2021,4,"PSYC",54.08,1,21,3.66666666666667,21
2021,4,"PSYC",83.08,1,14,4,14
2021,4,"QSS",15,1,15,3.66666666666667,15
2021,4,"QSS",17,1,30,3.66666666666667,30
2021,4,"QSS",41,1,27,3.66666666666667,27
2021,4,"",54,2,34,4,19
2021,4,"",30.13,1,35,4,35
2021,4,"QSS",3,1,18,4,18
2021,4,"QSS",30.16,1,16,4,16
2021,4,"QSS",30.17,1,26,4,26
2021,4,"QSS",30.18,1,14,3.66666666666667,14
2021,4,"QSS",7.2,1,18,3.66666666666667,18
2021,4,"REL",4,1,21,3.66666666666667,21
2021,4,"REL",1,1,57,4,57
2021,4,"REL",1.02,1,15,4,13
2021,4,"REL",1.11,1,57,4,57
2021,4,"REL",54,1,20,3.33333333333333,20
2021,4,"REL",16.01,1,54,3.66666666666667,54
2021,4,"REL",16.09,1,19,4,19
2021,4,"REL",20.06,1,16,4,21
2021,4,"REL",40.07,1,16,4,14
2021,4,"REL",41.04,1,36,4,36
2021,4,"REL",41.05,1,28,4,28
2021,4,"RUSS",1,2,12,4,12
2021,4,"",20.01,1,28,4,23
2021,4,"RUSS",13,1,71,3.83333333333333,68
2021,4,"RUSS",14,1,20,4,20
2021,4,"RUSS",27,1,10,4,10
2021,4,"RUSS",31,1,20,4,24
2021,4,"SART",15,1,16,4,16
2021,4,"SART",16,2,21,4,17
2021,4,"SART",25,1,15,4,15
2021,4,"",29,1,11,4,11
2021,4,"SART",65,1,11,4,11
2021,4,"",17.08,1,10,4,26
2021,4,"SOCY",1,1,80,3.66666666666667,80
2021,4,"SOCY",10,2,53,3.74213836477987,26.5
2021,4,"SOCY",15,1,25,3.66666666666667,25
2021,4,"SOCY",35,1,35,3.66666666666667,35
2021,4,"SOCY",48,1,29,4,29
2021,4,"SOCY",51.12,1,19,4,19
2021,4,"SOCY",61,1,26,4,26
2021,4,"SOCY",75,1,18,4,18
2021,4,"SPAN",1,8,832,3.66666666666667,104
2021,4,"SPAN",2,6,256,3.66666666666667,99.5
2021,4,"SPAN",3,5,355,3.66666666666667,71
2021,4,"SPAN",9,3,96,3.66666666666667,32
2021,4,"",20,2,56,3.66666666666667,28
2021,4,"SPAN",10,2,52,3.66666666666667,26
2021,4,"SPAN",45.05,1,13,4,13
2021,4,"SPEE",26,1,18,4,15
2021,4,"SPEE",43,1,16,4,14
2021,4,"SPEE",20.03,1,14,3.66666666666667,14
2021,4,"",15,1,17,4,17
2021,4,"THEA",26,1,17,4,17
2021,4,"THEA",30,3,46,4,15.3333333333333
2021,4,"THEA",35,1,16,4,16
2021,4,"",15,1,15,4,15
2021,4,"THEA",42,1,12,4,12
2021,4,"",50,1,12,4,12
2021,4,"TUCK",2,2,232,3.66666666666667,116
2021,4,"WGSS",50,4,76,4,19
2021,4,"WGSS",80,1,17,4,17
2021,4,"WGSS",18.01,2,18,4,12
2021,4,"WGSS",31.04,1,26,3.33333333333333,26
2021,4,"WGSS",33.05,1,26,4,26
2021,4,"WGSS",36.01,1,31,4,29
2021,4,"",37.03,1,19,3.66666666666667,19
2021,4,"WGSS",41.06,1,24,4,24
2021,4,"WGSS",46.01,1,30,4,29
2021,4,"WGSS",48.08,1,18,3.83333333333333,18
2021,4,"WGSS",56.01,1,26,3.33333333333333,26
2021,4,"WGSS",65.06,1,13,4,13
2021,4,"WGSS",67.01,1,11,4,11
2021,4,"WRIT",3,10,137,3.71046228710462,13.7
2021,4,"WRIT",5,33,515,3.85760517799353,15.6060606060606
2021,4,"WRIT",43,1,18,4,18
2022,1,"",3,1,25,4,24
2022,1,"AAAS",13,1,18,4,18
2022,1,"AAAS",22,1,22,4,29
2022,1,"AAAS",50,1,31,3.66666666666667,31
2022,1,"AAAS",53,1,15,3.66666666666667,16
2022,1,"",87.01,1,28,4,21
2022,1,"AAAS",18.03,1,62,3,52
2022,1,"AAAS",20.15,1,16,4,16
2022,1,"AAAS",36.5,1,24,4,24
2022,1,"AAAS",54.05,1,18,4,18
2022,1,"",67.09,1,16,4,16
2022,1,"AAAS",68.08,1,15,4,15
2022,1,"AAAS",80.06,1,24,3.33333333333333,24
2022,1,"AAAS",87.05,1,34,3.66666666666667,34
2022,1,"",88.11,1,21,3.66666666666667,21
2022,1,"AAAS",90.01,1,11,3.66666666666667,10
2022,1,"ANTH",3,1,78,3.66666666666667,78
2022,1,"ANTH",14,1,34,3.66666666666667,34
2022,1,"ANTH",17,1,22,4,25
2022,1,"ANTH",41,1,70,3.66666666666667,70
2022,1,"ANTH",51,1,13,4,13
2022,1,"ANTH",58,1,23,4,23
2022,1,"ANTH",7.05,1,16,3.66666666666667,16
2022,1,"ANTH",73,1,11,4,17
2022,1,"ANTH",12.26,1,25,3.66666666666667,25
2022,1,"",50.05,1,34,3.66666666666667,25
2022,1,"ANTH",50.31,1,22,4,22
2022,1,"ANTH",50.37,1,20,3.66666666666667,20
2022,1,"ANTH",50.44,1,17,4,17
2022,1,"ANTH",50.45,1,13,4,13
2022,1,"",52.01,1,13,4,13
2022,1,"ANTH",54.01,1,13,4,13
2022,1,"ARTH",5,1,55,3.66666666666667,55
2022,1,"ARTH",7.05,1,16,3.83333333333333,16
2022,1,"ARTH",12.01,1,22,3.66666666666667,22
2022,1,"ARTH",38.01,1,20,4,20
2022,1,"ARTH",40.04,1,26,4,26
2022,1,"ARTH",48.05,1,25,4,25
2022,1,"ARTH",63.71,1,24,3.83333333333333,24
2022,1,"ASCL",7.03,1,15,4,15
2022,1,"ASCL",51.05,1,58,4,58
2022,1,"ASCL",54.07,1,31,3.66666666666667,16
2022,1,"ASCL",60.25,1,20,3.66666666666667,15
2022,1,"ASCL",61.08,1,29,4,29
2022,1,"ASCL",64.12,1,31,3.66666666666667,31
2022,1,"",70.01,1,20,4,20
2022,1,"ASCL",70.09,1,33,4,33
2022,1,"BIOL",66,2,84,3,42
2022,1,"BIOL",14,1,36,3,41
2022,1,"BIOL",15,1,24,3,24
2021,4,"BIOL",28,1,16,4,16
2022,1,"BIOL",29,1,25,3.33333333333333,25
2022,1,"BIOL",40,1,18,3,18
2022,1,"BIOL",42,1,33,3.33333333333333,33
2022,1,"BIOL",13,1,15,4,15
2022,1,"BIOL",56,1,15,3.66666666666667,15
2022,1,"BIOL",36,1,15,3.66666666666667,15
2022,1,"BIOL",7.02,1,16,3.66666666666667,16
2022,1,"BIOL",78,1,15,4,15
2022,1,"BIOL",7.43,1,21,3.33333333333333,21
2022,1,"BIOL",74.01,1,15,3.66666666666667,15
2022,1,"CHEM",5,2,182,3.33333333333333,91
2022,1,"CHEM",52,1,52,3.33333333333333,52
2022,1,"CHEM",57,1,12,3.5,12
2022,1,"CHEM",64,1,16,3.66666666666667,16
2022,1,"CHIN",2,2,22,4,11
2022,1,"CHIN",22,1,12,4,12
2022,1,"",32,1,14,4,14
2022,1,"",7.11,1,10,4,10
2022,1,"CLST",11.16,1,27,4,27
2022,1,"CLST",11.19,1,12,3.66666666666667,12
2022,1,"COCO",36,1,18,3.66666666666667,18
2022,1,"COGS",25,1,30,3.66666666666667,30
2022,1,"COGS",7.01,1,16,4,25
2022,1,"COGS",11.04,1,11,3.66666666666667,11
2022,1,"COLT",7.17,1,14,4,14
2022,1,"COLT",57.07,1,16,3.66666666666667,16
2022,1,"COLT",62.08,1,10,3.66666666666667,10
2022,1,"COSC",2,2,199,4,99.5
2022,1,"COSC",10,2,119,3.33613445378151,59.5
2022,1,"COSC",24,1,19,3.66666666666667,19
2022,1,"COSC",30,1,56,3.33333333333333,56
2022,1,"COSC",31,2,94,3.17730496453901,47
2022,1,"COSC",36,1,11,3.66666666666667,11
2022,1,"COSC",50,1,42,3.66666666666667,42
2022,1,"",58,1,19,4,19
2022,1,"COSC",67,1,34,4,35
2022,1,"COSC",70,1,31,3.66666666666667,31
2022,1,"COSC",74,1,87,4,87
2022,1,"COSC",63.01,1,14,4,14
2022,1,"COSC",74,1,13,4,19
2022,1,"COSC",98.02,1,70,4,70
2022,1,"COSC",99.02,1,11,4,11
2022,1,"CRWT",10,2,27,4,12
2022,1,"CRWT",12,1,12,3.66666666666667,12
2022,1,"CRWT",20,1,12,4,12
2022,1,"CRWT",85.01,1,17,4,17
2022,1,"EARS",2,2,157,3.33333333333333,78.5
2022,1,"EARS",9,1,33,4,35
2022,1,"EARS",32,1,16,3.33333333333333,16
2022,1,"",7.05,1,12,3.83333333333333,12
2022,1,"EARS",51,1,13,3.66666666666667,13
2022,1,"EARS",50.44,1,12,4,12
2022,1,"EARS",78,1,18,4,18
2022,1,"EARS",65.01,1,27,4,27
2022,1,"ECON",1,3,214,3.33333333333333,71.3333333333333
2022,1,"ECON",3,2,50,3.33333333333333,25
2022,1,"ECON",10,2,114,3.33333333333333,57
2022,1,"ECON",15,1,29,3.33333333333333,29
2022,1,"ECON",20,2,126,3.33333333333333,63
2022,1,"ECON",21,2,116,3.33333333333333,58
2022,1,"ECON",22,2,124,3.33333333333333,62
2022,1,"ECON",24,2,116,3.33333333333333,58
2022,1,"ECON",29,2,56,3.33333333333333,46
2022,1,"ECON",35,2,80,3.33333333333333,40
2022,1,"ECON",36,1,29,3.33333333333333,29
2022,1,"ECON",38,2,134,3.33333333333333,67
2022,1,"ECON",16,2,46,3.33333333333333,23
2022,1,"ECON",57,1,10,4,10
2022,1,"ECON",25.12,2,38,3.66666666666667,27
2022,1,"ECON",66,3,135,3.66666666666667,45
2022,1,"ECON",67,1,16,3.66666666666667,16
2022,1,"ECON",31,1,40,3.66666666666667,20
2022,1,"ECON",82,1,11,4,10
2022,1,"EDUC",20,1,32,3.66666666666667,32
2022,1,"",24,1,23,3.66666666666667,23
2022,1,"EDUC",46,1,15,4,15
2022,1,"EDUC",47,1,29,3.66666666666667,29
2022,1,"ENGL",2,1,31,4,31
2022,1,"ENGL",50.31,1,15,4,15
2022,1,"ENGL",23,1,40,4,40
2022,1,"ENGL",31,1,18,4,18
2022,1,"ENGL",36,1,19,3.66666666666667,19
2022,1,"ENGL",37,1,16,4,16
2022,1,"ENGL",7.44,1,16,3.66666666666667,16
2022,1,"ENGL",7.47,1,16,4,16
2022,1,"ENGL",99,1,14,4,14
2022,1,"ENGL",7.53,1,16,4,16
2022,1,"",7.54,1,15,4,15
2022,1,"ENGL",7.57,1,16,4,16
2022,1,"ENGL",52.18,1,31,3.66666666666667,31
2022,1,"ENGL",62.22,1,21,3.66666666666667,21
2022,1,"ENGL",63.04,1,15,3.66666666666667,15
2022,1,"ENGL",63.29,1,16,4,16
2022,1,"ENGL",64.08,1,10,4,10
2022,1,"ENGL",71.15,1,12,4,12
2022,1,"ENGS",11,1,52,4,52
2022,1,"ENGS",11,1,26,4,23
2022,1,"ENGS",12,2,41,4,22
2022,1,"ENGS",18,1,28,3.66666666666667,28
2022,1,"",20,1,33,3.33333333333333,33
2022,1,"ENGS",21,1,57,3.33333333333333,57
2022,1,"ENGS",22,1,22,3.83333333333333,22
2022,1,"ENGS",23,1,24,3.33333333333333,24
2022,1,"ENGS",24,1,23,3.33333333333333,23
2022,1,"ENGS",25,1,31,4,31
2022,1,"ENGS",28,1,33,3.66666666666667,32
2022,1,"ENGS",30,1,10,3.33333333333333,10
2022,1,"ENGS",32,1,21,3.66666666666667,21
2022,1,"ENGS",33,1,26,4,26
2022,1,"ENGS",41,1,22,3.66666666666667,22
2022,1,"",52,1,11,4,11
2022,1,"ENGS",58,1,14,3.5,14
2022,1,"ENGS",62,1,19,4,19
2022,1,"ENGS",66,1,56,3.33333333333333,56
2022,1,"ENGS",7.08,1,16,4,16
2022,1,"ENGS",72,1,10,3.33333333333333,10
2022,1,"ENGS",75,1,18,3.83333333333333,18
2022,1,"ENGS",90,1,63,4,63
2022,1,"ENGS",93,1,21,3.66666666666667,21
2022,1,"ENGS",171,1,11,4,11
2022,1,"ENVS",2,1,30,3.66666666666667,34
2022,1,"ENVS",12,1,38,3.66666666666667,38
2022,1,"ENVS",45,1,31,3.66666666666667,31
2022,1,"ENVS",56,1,44,4,44
2022,1,"ENVS",7.02,1,16,3.66666666666667,16
2022,1,"ENVS",80.01,1,20,4,20
2022,1,"ENVS",80.08,1,30,4,30
2022,1,"ENVS",80.15,1,12,4,13
2022,1,"FILM",3,1,19,4,19
2022,1,"FILM",21,1,13,3.33333333333333,13
2022,1,"",31,1,17,4,17
2022,1,"FILM",33,1,11,4,11
2022,1,"FILM",6,1,10,3.83333333333333,10
2022,1,"FILM",80,1,14,3.33333333333333,14
2022,1,"FILM",42.21,1,15,4,15
2022,1,"",43.02,1,14,4,14
2022,1,"FILM",46.07,1,24,4,24
2022,1,"FILM",46.09,1,14,4,14
2022,1,"FILM",47.02,1,14,4,14
2022,1,"FILM",47.17,1,14,4,14
2022,1,"",48.03,1,12,4,12
2022,1,"FILM",12.01,1,19,4,19
2022,1,"FREN",1,1,10,4,10
2022,1,"FREN",2,2,24,3.51388888888889,12
2022,1,"FREN",3,2,27,3.82716049382716,13.5
2022,1,"FREN",8,2,23,4,17
2022,1,"FREN",10,1,11,3.66666666666667,11
2022,1,"FREN",12,1,11,3.66666666666667,11
2022,1,"",23,1,17,4,17
2022,1,"FREN",29,1,15,4,15
2022,1,"FREN",30,1,15,3.66666666666667,15
2022,1,"FREN",31,1,15,3.66666666666667,15
2022,1,"FREN",7.06,1,16,3.5,16
2022,1,"GEOG",11,1,21,4,21
2022,1,"GEOG",29,1,19,3.66666666666667,19
2022,1,"GEOG",3,1,72,4,72
2022,1,"GEOG",31,1,13,3.66666666666667,13
2022,1,"GEOG",4.01,1,26,4,25
2022,1,"GEOG",7.18,1,14,3.66666666666667,14
2022,1,"GEOG",90,1,12,4,12
2022,1,"GEOG",15.01,1,31,3.33333333333333,31
2022,1,"GEOG",19.01,1,37,3.66666666666667,37
2022,1,"GEOG",21.01,1,23,4,23
2022,1,"GEOG",39.01,1,25,3.66666666666667,25
2022,1,"",1,1,21,4,21
2022,1,"GERM",2,1,11,3.66666666666667,11
2022,1,"GERM",7.06,1,15,4,15
2022,1,"GERM",65.06,1,11,3.66666666666667,11
2022,1,"GOVT",3,2,26,3.14102564102564,13
2022,1,"GOVT",22,1,16,3.5,16
2022,1,"GOVT",5,2,160,3.33333333333333,73
2022,1,"GOVT",6,1,39,3.33333333333333,41
2022,1,"",31.09,2,40,3.5,20
2022,1,"GOVT",35,1,25,3.33333333333333,25
2022,1,"GOVT",42,1,34,3.66666666666667,34
2022,1,"GOVT",48,1,24,3.33333333333333,24
2022,1,"GOVT",63,1,25,3.66666666666667,25
2022,1,"GOVT",7.14,1,16,3.66666666666667,16
2022,1,"GOVT",7.15,1,15,3.66666666666667,15
2022,1,"GOVT",86.43,1,15,3.66666666666667,15
2022,1,"GOVT",30.14,1,29,3.33333333333333,29
2022,1,"GOVT",40.09,1,17,4,17
2022,1,"GOVT",40.14,1,20,3.5,20
2022,1,"GOVT",40.2,1,28,4,28
2022,1,"GOVT",50.04,1,25,3.33333333333333,25
2022,1,"GOVT",50.06,1,35,3.33333333333333,28
2022,1,"GOVT",50.16,1,26,3.33333333333333,26
2022,1,"GOVT",83.06,1,10,4,10
2022,1,"GOVT",83.19,1,12,3.66666666666667,12
2022,1,"GOVT",64,1,11,3.66666666666667,11
2022,1,"GOVT",86.03,1,14,3.66666666666667,11
2022,1,"GOVT",86.42,1,15,3.66666666666667,15
2022,1,"GOVT",86.44,1,11,4,11
2022,1,"GOVT",86.46,1,10,3.66666666666667,10
2022,1,"GOVT",86.47,1,12,3.66666666666667,13
2022,1,"HIST",43,1,10,3.66666666666667,10
2022,1,"HIST",8,1,32,3.66666666666667,31
2022,1,"HIST",17,1,18,4,18
2022,1,"HIST",22,1,24,3.33333333333333,24
2022,1,"HIST",23,1,32,3.66666666666667,32
2022,1,"",3.01,1,13,3.33333333333333,27
2022,1,"",33,1,25,4,25
2022,1,"",52,1,24,3.5,24
2022,1,"",69,1,16,3.66666666666667,16
2022,1,"HIST",7.28,1,15,4,15
2022,1,"HIST",7.32,1,15,3.66666666666667,15
2022,1,"HIST",75,1,31,3.66666666666667,31
2022,1,"HIST",79,1,31,3.66666666666667,31
2022,1,"HIST",38.04,1,25,3.66666666666667,25
2022,1,"HIST",43.03,1,10,3.66666666666667,10
2022,1,"HIST",90.14,1,12,3.66666666666667,12
2022,1,"HIST",38.03,1,14,3.66666666666667,14
2022,1,"HIST",91.02,1,29,4,29
2022,1,"HIST",92.06,1,16,4,12
2022,1,"HIST",94.08,1,24,4,24
2022,1,"HIST",94.16,1,12,3.66666666666667,12
2022,1,"HIST",63.1,1,10,3.83333333333333,10
2022,1,"HIST",39.03,1,14,3.66666666666667,14
2022,1,"HUM",2,3,38,3.82456140350877,12.6666666666667
2022,1,"INTS",18,1,23,3.66666666666667,23
2022,1,"INTS",17.07,1,16,3.66666666666667,16
2022,1,"ITAL",1,2,38,4,19
2022,1,"ITAL",2,1,16,3.33333333333333,16
2022,1,"",3,1,14,4,14
2022,1,"ITAL",33.01,1,17,3.83333333333333,15
2022,1,"JAPN",50.09,2,27,4,16
2022,1,"JWST",10,1,24,4,24
2022,1,"JWST",32,1,10,4,10
2022,1,"JWST",40.01,1,17,4,17
2021,4,"LACS",7.06,1,14,4,14
2022,1,"LACS",22.11,1,17,3.66666666666667,17
2022,1,"LACS",25.12,1,14,4,14
2022,1,"LACS",3.03,1,26,4,26
2022,1,"LACS",30.12,1,15,3.66666666666667,15
2022,1,"LACS",50.07,1,20,3.5,20
2022,1,"LACS",80.02,1,11,3.66666666666667,11
2022,1,"",1,1,21,4,21
2022,1,"LAT",2,3,49,3.89444444444444,20
2022,1,"LAT",10,1,16,4,16
2022,1,"LAT",29,1,10,3.66666666666667,15
2022,1,"LATS",44,1,31,3.66666666666667,31
2022,1,"LING",1,2,68,3.47549019607843,34
2022,1,"LING",27,1,18,3.66666666666667,18
2022,1,"LING",14,1,11,3.66666666666667,13
2022,1,"MALS",372,1,22,4,22
2022,1,"MATH",3,3,246,4,82
2022,1,"MATH",8,10,237,3,79
2022,1,"MATH",13,3,207,3.33333333333333,69
2022,1,"MATH",17,1,10,3.66666666666667,10
2022,1,"MATH",23,2,66,3.66666666666667,33
2022,1,"MATH",28,1,19,4,16
2022,1,"MATH",32,1,23,4,23
2022,1,"MATH",63.1,1,17,4,17
2022,1,"MATH",40,1,36,3.16666666666667,36
2022,1,"MATH",63,1,11,3.66666666666667,11
2022,1,"MATH",76,1,16,4,10
2022,1,"MATH",86,1,16,4,16
2022,1,"MES",1.01,1,151,3.66666666666667,151
2022,1,"MES",7.03,1,14,3.66666666666667,14
2022,1,"MES",7.04,1,13,3.66666666666667,16
2022,1,"MES",12.04,1,15,3.66666666666667,15
2022,1,"MES",1,1,17,4,17
2022,1,"MES",28,1,29,3.66666666666667,29
2022,1,"MES",22,1,24,4,24
2022,1,"MES",19.03,1,20,4,20
2022,1,"MUS",1,2,35,4,16
2022,1,"MUS",2,1,35,4,35
2022,1,"MUS",4,1,33,4,33
2022,1,"MUS",22,1,65,3.85947712418301,65
2022,1,"MUS",22,1,18,3.66666666666667,18
2022,1,"MUS",25,1,17,4,17
2022,1,"",7.19,1,14,4,14
2022,1,"MUS",3.02,1,49,4,49
2022,1,"MUS",3.05,1,10,4,10
2022,1,"MUS",32,1,15,4,15
2022,1,"",37,1,15,4,15
2022,1,"MUS",38,1,12,4,12
2022,1,"",43,1,20,4,20
2022,1,"MUS",56.03,1,11,4,11
2022,1,"NAS",28,1,32,4,32
2022,1,"NAS",41,1,19,4,19
2022,1,"NAS",42,1,17,4,18
2022,1,"",56,1,12,4,14
2022,1,"NAS",81.03,1,14,3.66666666666667,14
2022,1,"PBPL",5,1,96,4,96
2022,1,"PBPL",26,1,29,3.33333333333333,37
2022,1,"PBPL",36,1,17,4,11
2022,1,"PBPL",82.08,1,12,4,11
2022,1,"PHIL",6,1,18,3.83333333333333,14
2022,1,"PHIL",1.09,1,26,3.5,26
2022,1,"PHIL",1.18,1,30,4,29
2022,1,"PHIL",13,1,23,4,23
2022,1,"PHIL",25,1,30,4,30
2022,1,"PHIL",27,1,21,3.66666666666667,21
2022,1,"PHIL",28,1,23,3.66666666666667,23
2022,1,"PHIL",7.01,1,16,4,16
2022,1,"PHIL",16.03,1,22,3.83333333333333,18
2022,1,"",50.32,1,27,4,27
2022,1,"PHIL",37,1,15,3.66666666666667,15
2022,1,"PHYS",3,1,53,4,53
2022,1,"PHYS",4,1,37,3.66666666666667,37
2022,1,"PHYS",5,1,12,3.33333333333333,14
2022,1,"PHYS",13,2,164,3.66666666666667,82
2022,1,"PHYS",14,1,61,3.33333333333333,61
2022,1,"PHYS",15,1,11,4,11
2022,1,"PHYS",16,1,21,4,21
2022,1,"",9.01,1,10,3.33333333333333,15
2022,1,"PHYS",41,1,17,3.66666666666667,17
2022,1,"PHYS",48,1,21,3.66666666666667,21
2022,1,"",50,1,15,4,15
2022,1,"PSYC",6,1,63,3.66666666666667,63
2022,1,"PSYC",10,1,50,4,50
2022,1,"PSYC",23,1,107,3.66666666666667,107
2022,1,"",37,1,27,3.66666666666667,27
2022,1,"PSYC",38,1,30,3.66666666666667,30
2022,1,"PSYC",60,1,13,4,13
2022,1,"PSYC",63,1,12,4,12
2022,1,"PSYC",7.03,2,32,4,16
2022,1,"PSYC",50.01,1,33,3.66666666666667,33
2022,1,"PSYC",50.07,1,13,4,13
2022,1,"PSYC",51.02,1,14,3.66666666666667,11
2022,1,"PSYC",51.12,1,23,3.66666666666667,23
2022,1,"PSYC",41.07,1,29,3.66666666666667,29
2022,1,"PSYC",54.02,1,35,4,35
2022,1,"PSYC",80.02,1,11,3.66666666666667,11
2022,1,"QSS",20,2,45,4,27.5
2022,1,"QSS",82,2,37,3.66666666666667,18.5
2022,1,"QSS",88,1,12,4,12
2022,1,"QSS",30.01,1,29,3.33333333333333,29
2022,1,"QSS",30.19,1,12,4,12
2022,1,"QSS",30.21,1,19,4,19
2022,1,"",1.08,1,29,3.66666666666667,29
2022,1,"REL",14,1,52,3,52
2022,1,"REL",2.01,1,58,4,33
2022,1,"REL",22,1,10,4,19
2022,1,"REL",34,1,29,4,29
2022,1,"REL",61,1,22,4,22
2022,1,"REL",7.08,1,16,3.33333333333333,16
2022,1,"REL",11.01,1,29,3.66666666666667,29
2022,1,"REL",20.07,1,20,3.66666666666667,20
2022,1,"REL",30,1,17,4,17
2022,1,"REL",41.06,1,29,4,29
2022,1,"REL",74.17,1,16,3.66666666666667,16
2022,1,"",53.01,1,14,4,14
2022,1,"RUSS",15,1,16,4,16
2022,1,"RUSS",1,1,20,4,20
2022,1,"",36,1,24,3.66666666666667,24
2022,1,"RUSS",7.01,1,16,3.66666666666667,16
2022,1,"RUSS",38.17,1,23,4,23
2022,1,"SART",15,3,43,4,14.3333333333333
2022,1,"SART",22,1,15,4,15
2022,1,"SART",23,1,11,4,11
2022,1,"SART",25,2,25,4,12.5
2022,1,"SART",29,1,11,4,11
2022,1,"SART",65,1,10,4,10
2022,1,"SOCY",2,1,49,4,49
2022,1,"SOCY",10,1,28,3.66666666666667,28
2022,1,"SOCY",11,1,25,4,25
2022,1,"SOCY",16,1,25,4,25
2022,1,"SOCY",31,1,35,3.66666666666667,35
2022,1,"SOCY",34,1,69,4,69
2022,1,"SOCY",58,1,23,3.66666666666667,23
2022,1,"SOCY",7.01,1,16,3.66666666666667,16
2022,1,"SOCY",7.07,1,16,4,16
2022,1,"SOCY",70,1,14,4,14
2022,1,"SOCY",71,1,16,4,16
2022,1,"SOCY",18,1,20,4,20
2022,1,"SPAN",1,3,117,3.66666666666667,39
2022,1,"SPAN",2,8,880,3.66666666666667,110
2022,1,"SPAN",3,6,372,3.66666666666667,62
2022,1,"SPAN",5,1,17,3.66666666666667,17
2022,1,"SPAN",6,1,17,3.66666666666667,17
2022,1,"SPAN",9,2,32,4,16
2022,1,"SPAN",20,2,26,4,13
2022,1,"SPAN",21,1,14,4,14
2022,1,"SPAN",24,1,16,3.5,18
2022,1,"SPAN",31,2,44,4,22
2022,1,"SPAN",12,1,14,4,14
2022,1,"SPAN",77,1,18,4,11
2022,1,"SPAN",36,1,18,4,13
2022,1,"SPAN",7.09,1,19,4,16
2022,1,"SPAN",53.01,1,11,4,11
2022,1,"SPAN",55.06,1,12,4,12
2022,1,"",63.1,1,14,4,14
2022,1,"SPAN",80.22,1,11,4,11
2022,1,"",22.11,1,13,4,13
2022,1,"SPEE",40,1,13,4,11
2022,1,"SPEE",20.01,1,14,4,14
2022,1,"THEA",16,1,14,4,14
2022,1,"THEA",44,2,32,4,16
2022,1,"THEA",31,1,11,4,11
2022,1,"THEA",40,1,15,4,15
2022,1,"THEA",44,1,11,4,11
2022,1,"THEA",50,1,30,4,10
2022,1,"THEA",10.64,1,18,4,18
2022,1,"THEA",10.68,1,14,4,14
2022,1,"TUCK",1,2,256,3.33333333333333,128
2022,1,"WGSS",58,1,21,4,21
2022,1,"WGSS",15,1,21,4,21
2022,1,"WGSS",7.04,1,21,4,16
2022,1,"WGSS",24.01,1,20,4,10
2022,1,"WGSS",40.01,1,18,4,18
2022,1,"WGSS",40.05,1,17,4,17
2022,1,"WGSS",52.04,1,15,3.66666666666667,15
2022,1,"WGSS",56.03,1,17,4,14
2022,1,"WGSS",57.01,1,12,4,12
2022,1,"",66.02,1,19,4,19
2022,1,"",66.04,1,16,4,16
2022,1,"WGSS",66.08,1,16,4,16
2022,1,"WGSS",66.15,1,18,4,18
2022,1,"WRIT",3,10,139,4,13.9
2022,1,"WRIT",5,31,233,3.91083676268862,15.6774193548387
2022,2,"AAAS",10,1,18,4,18
2022,2,"AAAS",24,1,10,4,12
2022,2,"AAAS",62,1,15,3.33333333333333,15
2022,2,"AAAS",21.05,1,16,4,18
2022,2,"",32.05,1,19,4,19
2022,2,"AAAS",35.01,1,10,4,10
2022,2,"AAAS",55.02,1,18,4,18
2022,1,"",67.06,1,10,4,10
2022,2,"AAAS",80.1,1,17,4,17
2022,2,"AAAS",85.01,1,11,3.66666666666667,13
2022,2,"AAAS",87.12,1,29,3.66666666666667,29
2022,2,"",88.08,1,28,4,28
2022,2,"AAAS",88.12,1,10,4,10
2022,2,"ANTH",5,1,29,4,29
2022,2,"ANTH",9,1,51,4,51
2022,2,"ANTH",20,1,17,4,13
2022,2,"ANTH",27,1,23,3.66666666666667,23
2022,2,"ANTH",28,1,28,4,28
2022,2,"ANTH",43,1,23,3.66666666666667,23
2022,2,"ANTH",44,1,24,4,24
2022,2,"",55,1,30,4,30
2022,2,"ANTH",74,1,16,4,16
2022,2,"ANTH",12.01,1,26,3.66666666666667,12
2022,2,"ANTH",12.24,1,55,4,58
2022,2,"ANTH",50.47,1,16,3.66666666666667,16
2022,2,"",50.48,1,27,4,27
2022,2,"ANTH",50.5,1,31,4,31
2022,2,"",7.02,1,16,4,19
2022,2,"ARTH",10.01,1,24,3.66666666666667,24
2022,2,"ARTH",18.01,1,16,3.66666666666667,16
2022,2,"ARTH",26.01,1,10,4,10
2022,2,"ARTH",26.02,1,10,4,10
2022,2,"ARTH",75,1,10,4,10
2022,2,"ARTH",28.05,1,13,4,13
2022,2,"ARTH",62.3,1,12,4,12
2022,2,"",10.01,1,47,4,47
2022,2,"ASCL",10.03,1,31,3.66666666666667,31
2022,2,"ASCL",51.06,1,27,4,27
2022,2,"ASCL",54.08,1,12,4,12
2022,2,"ASCL",60.2,1,36,3.66666666666667,31
2022,2,"ASCL",61.07,1,56,3.66666666666667,56
2022,2,"ASCL",11.02,1,14,4,19
2022,2,"ASCL",62.06,1,30,4,30
2022,2,"ASCL",62.12,1,12,4,12
2022,2,"ASCL",64.09,1,14,4,14
2022,2,"ASCL",64.11,1,36,3.66666666666667,19
2022,2,"ASTR",1,1,41,3.33333333333333,41
2022,2,"ASTR",15,1,18,3.66666666666667,18
2022,2,"",19,1,28,3.33333333333333,28
2022,2,"BIOL",12,2,77,3,38.5
2022,2,"BIOL",16,1,29,3.66666666666667,29
2022,2,"BIOL",37,1,33,3.33333333333333,33
2022,2,"BIOL",46,1,19,3.33333333333333,19
2022,2,"BIOL",63,1,20,4,20
2022,2,"BIOL",56,1,19,4,19
2022,2,"BIOL",69,1,24,4,24
2022,2,"BIOL",7.02,1,16,4,16
2022,2,"BIOL",71,1,18,4,18
2022,2,"BIOL",11.08,1,16,3.66666666666667,16
2022,2,"BIOL",50.02,1,10,3.66666666666667,10
2022,2,"CHEM",6,2,165,3.33333333333333,82.5
2022,2,"CHEM",26.02,1,49,3.66666666666667,49
2022,2,"CHEM",51,1,52,3.33333333333333,52
2022,2,"CHEM",58,1,10,3.5,10
2022,2,"CHIN",3,1,13,4,13
2022,2,"CHIN",23,1,16,4,16
2022,2,"CLST",3,1,24,4,24
2022,2,"CLST",14,1,16,4,16
2022,2,"",31,1,18,3.5,18
2022,2,"CLST",11.13,1,15,3.66666666666667,15
2022,2,"",30.01,1,26,3.66666666666667,21.3333333333333
2022,2,"CLST",30.02,1,18,3.66666666666667,18
2022,2,"COCO",21,1,25,4,31
2022,2,"COCO",23,1,30,4,30
2022,2,"",38,1,27,3.66666666666667,27
2022,2,"COGS",1,1,35,3.5,38
2022,2,"COGS",2,1,95,4,95
2022,2,"COGS",81,1,12,4,12
2022,2,"COLT",7.09,1,16,4,16
2022,2,"",10.24,1,16,4,16
2022,2,"COLT",49.07,1,22,3.66666666666667,22
2022,2,"COLT",53.01,1,139,4,139
2022,2,"COLT",57.12,1,26,4,26
2022,2,"COLT",63.02,1,31,3.33333333333333,31
2022,2,"COLT",63.03,1,15,4,15
2022,2,"",70.05,1,25,4,16
2022,2,"COSC",1,3,145,4,48.3333333333333
2022,2,"COSC",77,1,35,4,35
2022,2,"COSC",10,1,164,3.66666666666667,100
2022,2,"COSC",22,1,25,4,25
2022,2,"COSC",27,1,20,4,20
2022,2,"COSC",30,1,38,3.33333333333333,38
2022,2,"COSC",31,1,54,3.33333333333333,54
2022,2,"COSC",50,1,73,4,39
2022,2,"COSC",51,1,55,3.66666666666667,55
2022,2,"COSC",52,1,52,4,49
2022,2,"COSC",56,1,45,3.66666666666667,45
2022,2,"",57,1,32,4,32
2022,2,"",70,1,56,4,58
2022,2,"COSC",72,2,80,4,40
2022,2,"COSC",74,2,98,4,49
2022,2,"COSC",77,1,17,3.33333333333333,17
2022,2,"COSC",25.01,1,31,4,31
2022,2,"",49.01,1,16,3.66666666666667,16
2022,2,"COSC",89.11,1,53,4,19
2022,2,"",89.2,1,12,4,12
2022,2,"COSC",98.02,1,38,3.66666666666667,38
2022,2,"COSC",99.02,1,16,4,16
2022,2,"CRWT",10,2,28,4,11.5
2022,2,"CRWT",12,1,13,4,13
2022,2,"CRWT",22,1,12,4,12
2022,2,"CRWT",99,1,11,4,11
2022,2,"CRWT",40.03,1,16,4,16
2022,2,"CRWT",40.06,1,16,4,16
2022,2,"CRWT",40.14,1,10,3.66666666666667,10
2022,2,"CRWT",41.01,1,13,4,13
2022,2,"EARS",1,1,48,3.66666666666667,48
2022,2,"EARS",3,1,16,3.83333333333333,16
2022,2,"EARS",19,1,28,3.33333333333333,28
2022,2,"EARS",45,1,18,3.66666666666667,18
2022,2,"EARS",46,1,17,3.66666666666667,18
2022,2,"EARS",47,1,17,3.66666666666667,18
2022,2,"EARS",6.05,1,17,4,17
2022,2,"EARS",70,1,16,4,16
2022,2,"",71,1,12,4,12
2022,2,"ECON",1,4,256,3.33333333333333,233
2022,2,"ECON",2,1,44,4,44
2022,2,"ECON",10,2,84,3.33333333333333,42
2022,2,"",16,1,10,3.66666666666667,10
2022,2,"ECON",20,2,110,3.66666666666667,55
2022,2,"ECON",21,2,80,3.33333333333333,46
2022,2,"ECON",22,2,134,3.33333333333333,67
2022,2,"ECON",26,2,100,3.33333333333333,50
2022,2,"ECON",28,2,132,3.33333333333333,66
2022,2,"ECON",29,2,26,3.33333333333333,13
2022,2,"ECON",36,1,26,3.5,26
2022,2,"ECON",10,2,136,3.66666666666667,68
2022,2,"ECON",39,2,136,3.66666666666667,68
2022,2,"ECON",64,2,36,3.66666666666667,18
2022,2,"",65,2,35,3.83333333333333,18
2022,2,"ECON",66,2,46,3.66666666666667,23
2022,2,"ECON",69,2,30,3.66666666666667,15
2022,2,"ECON",81,1,11,4,11
2022,2,"ECON",87.01,1,14,4,11
2022,2,"EDUC",19,1,20,3.66666666666667,20
2022,2,"EDUC",3,1,30,3.33333333333333,30
2022,2,"",3,1,28,3.66666666666667,28
2022,2,"ENGL",6,1,12,4,12
2022,2,"ENGL",17,1,44,4,22
2022,2,"ENGL",22,1,15,4,15
2022,2,"ENGL",32,1,44,3.66666666666667,44
2022,2,"ENGL",34,1,108,4,108
2022,2,"ENGL",7.43,1,15,3.66666666666667,15
2022,2,"ENGL",11.13,1,15,4,16
2022,2,"ENGL",8,1,15,4,15
2022,2,"ENGL",7.58,2,29,3.82758620689655,14.5
2022,2,"ENGL",53.35,1,10,4,10
2022,2,"ENGL",53.4,1,17,4,17
2022,2,"ENGL",53.47,1,10,4,10
2022,2,"ENGL",54.03,1,30,3.66666666666667,30
2022,2,"ENGL",55.13,1,11,3.66666666666667,11
2022,2,"ENGL",61.03,1,20,4,20
2022,2,"",63.1,1,18,4,18
2022,2,"ENGL",63.1,1,17,4,17
2022,2,"",65.01,1,19,4,16
2022,2,"ENGL",73.03,1,10,4,10
2022,2,"ENGS",5,1,42,3.66666666666667,42
2022,2,"",12,3,54,4,18
2022,2,"ENGS",4,2,62,4,31
2022,2,"ENGS",21,1,49,4,49
2022,2,"ENGS",22,1,21,3.66666666666667,22
2022,2,"ENGS",23,1,27,4,27
2022,2,"ENGS",24,1,39,4,39
2022,2,"ENGS",35,1,37,3.33333333333333,37
2022,2,"ENGS",26,1,17,3.66666666666667,17
2022,2,"ENGS",31,1,45,3.66666666666667,45
2022,2,"ENGS",34,1,18,4,18
2022,2,"ENGS",37,1,17,4,17
2022,2,"ENGS",7.15,1,23,4,23
2022,2,"ENGS",45,1,16,3.66666666666667,16
2022,2,"ENGS",50,1,73,4,73
2022,2,"ENGS",56,1,19,3.66666666666667,19
2022,2,"ENGS",61,1,14,3.5,14
2022,2,"ENGS",66,1,38,3.33333333333333,38
2022,2,"ENGS",71,1,22,3.66666666666667,22
2022,2,"",146,1,18,3.83333333333333,18
2022,2,"ENGS",15.02,1,18,4,11
2022,2,"ENGS",19.01,1,16,4,12
2022,2,"ENVS",14,1,25,4,25
2022,2,"ENVS",15,1,36,4,36
2022,2,"ENVS",18,1,17,4,17
2022,2,"ENVS",20,1,34,3.33333333333333,31
2022,2,"",26,1,20,3.66666666666667,20
2022,2,"ENVS",28,1,24,3.33333333333333,24
2022,2,"",50,1,24,4,24
2022,2,"",55,1,39,3.66666666666667,39
2022,2,"ENVS",7.15,2,31,4,15.5
2022,2,"ENVS",7.17,1,14,3.66666666666667,14
2022,2,"ENVS",85,1,14,3.66666666666667,14
2022,2,"FILM",20,1,28,3.66666666666667,28
2022,2,"FILM",34,1,11,4,11
2022,2,"FILM",17,1,11,3.66666666666667,11
2022,2,"FILM",7.2,1,16,4,16
2022,2,"FILM",41.04,1,26,3.66666666666667,26
2022,2,"FILM",42.16,1,19,4,19
2022,2,"FILM",42.2,1,12,3.83333333333333,12
2022,2,"FILM",44.04,1,13,4,13
2022,2,"FILM",44.06,1,10,3.66666666666667,10
2022,2,"FILM",44.1,1,13,4,13
2022,2,"FILM",30,1,18,4,18
2022,2,"FILM",36,1,12,4,14
2022,2,"FILM",26,1,18,3.5,18
2022,2,"FILM",48.02,1,11,4,11
2022,2,"FREN",1,1,10,4,10
2022,2,"FREN",3,3,40,3.66666666666667,13.3333333333333
2022,2,"FREN",8,2,31,3.81720430107527,15.5
2022,2,"FREN",21,1,10,4,10
2022,2,"GEOG",1.02,1,23,3.33333333333333,23
2022,2,"GEOG",27,1,18,4,27
2022,2,"GEOG",28,1,21,3.66666666666667,21
2022,2,"GEOG",43,1,18,3.66666666666667,18
2022,2,"GEOG",55,1,16,4,12
2022,2,"GEOG",7.19,1,16,4,12
2022,2,"GEOG",8.01,1,21,3.66666666666667,20
2022,2,"GEOG",86,1,12,3.66666666666667,12
2022,2,"GEOG",9.01,1,22,3.5,22
2022,2,"GEOG",21.01,1,23,3.66666666666667,23
2022,2,"GEOG",30.02,1,17,3.66666666666667,17
2022,2,"GEOG",36.01,1,12,3.66666666666667,12
2022,2,"GEOG",37.01,1,12,3.83333333333333,10
2022,2,"GEOG",40.04,1,28,4,27
2022,2,"GEOG",62.01,1,12,4,12
2022,2,"GEOG",80.1,1,14,4,14
2022,2,"GERM",2,1,18,3.66666666666667,18
2022,2,"GERM",55.06,1,23,4,23
2022,2,"GERM",14,1,233,4,233
2022,2,"GERM",7.07,1,19,4,16
2022,2,"GERM",43.04,1,12,3.83333333333333,12
2022,2,"GERM",44.07,1,10,3.66666666666667,10
2022,2,"GERM",46.04,1,16,4,15
2022,2,"GOVT",4,1,39,3.33333333333333,33
2022,2,"GOVT",5,3,57,3.41520467836257,19
2022,2,"GOVT",43,1,28,3.33333333333333,19
2022,2,"GOVT",10,1,26,3.66666666666667,26
2022,2,"GOVT",16,2,48,3.33333333333333,24
2022,2,"GOVT",52,1,32,4,32
2022,2,"GOVT",53,1,29,3.33333333333333,29
2022,2,"GOVT",69,1,42,3.66666666666667,42
2022,2,"GOVT",7.03,1,15,3.66666666666667,15
2022,2,"GOVT",94,1,11,3.66666666666667,11
2022,2,"GOVT",95,1,11,4,11
2022,2,"GOVT",8,1,32,3.66666666666667,32
2022,2,"GOVT",20.1,1,30,3.66666666666667,30
2022,2,"GOVT",30.04,1,19,3.33333333333333,19
2022,2,"GOVT",30.09,1,23,3.66666666666667,27
2022,2,"GOVT",40.15,1,32,3.33333333333333,32
2022,2,"GOVT",40.23,1,22,3.33333333333333,22
2022,2,"GOVT",50.03,1,26,3.66666666666667,26
2022,2,"GOVT",60.17,1,15,4,15
2022,2,"GOVT",5,1,24,3.33333333333333,27
2022,2,"GOVT",83.21,1,16,3.66666666666667,14
2022,2,"GOVT",83.24,1,17,3.66666666666667,17
2022,2,"GOVT",84.26,1,17,3.66666666666667,17
2022,2,"GOVT",50.02,1,16,3.66666666666667,16
2022,2,"GOVT",85.4,1,16,3.66666666666667,16
2022,2,"",85.44,1,15,3.66666666666667,15
2022,2,"GOVT",86.27,1,16,3.66666666666667,16
2022,2,"GOVT",86.43,1,15,4,15
2022,2,"GRK",27,1,10,4,10
2022,2,"GRK",3.02,1,10,4,10
2022,2,"HIST",15,1,15,3.66666666666667,15
2022,2,"HIST",43.06,1,31,3.66666666666667,31
2022,2,"HIST",28,1,14,3.66666666666667,14
2022,2,"HIST",3.03,1,13,3.66666666666667,13
2022,2,"HIST",37,1,12,3.83333333333333,12
2022,2,"HIST",39,1,25,3.66666666666667,16
2022,2,"HIST",8,1,30,4,30
2022,2,"HIST",5.05,1,36,3.66666666666667,36
2022,2,"HIST",50,1,14,3.33333333333333,13
2022,2,"HIST",56,1,21,3.66666666666667,21
2022,2,"HIST",7.19,1,13,4,13
2022,2,"",7.27,1,16,4,16
2022,2,"HIST",7.35,1,21,4,19
2022,2,"HIST",72,1,14,4,14
2022,2,"HIST",47,1,12,4,12
2022,2,"HIST",8.06,1,28,4,28
2022,2,"HIST",31.02,1,32,4,15
2022,2,"HIST",31.03,1,25,4,25
2022,2,"HIST",40.02,1,12,4,12
2022,2,"HIST",63.02,1,12,4,12
2022,2,"HIST",82.01,1,23,4,23
2022,2,"HIST",92.02,1,15,3.33333333333333,15
2022,2,"HIST",96.28,1,12,4,12
2022,2,"HIST",20.01,1,12,3.66666666666667,12
2022,2,"",3.07,1,16,4,15
2022,2,"INTS",15,1,28,3.66666666666667,28
2022,2,"INTS",16,1,21,3.66666666666667,15
2022,2,"",18,1,23,3.66666666666667,23
2022,2,"ITAL",7.17,1,13,4,13
2022,2,"ITAL",2,1,18,4,18
2022,2,"ITAL",3,1,21,4,21
2022,2,"ITAL",8,1,12,4,12
2022,2,"ITAL",10,1,10,4,10
2022,2,"ITAL",12,1,10,4,10
2022,2,"ITAL",7.08,1,16,4,16
2022,2,"",66.17,1,26,4,26
2022,2,"JAPN",3,1,19,4,19
2022,2,"JWST",53,1,34,4,34
2022,2,"LACS",1,1,25,4,25
2022,2,"LACS",9,1,38,4,22
2022,2,"LACS",31,1,24,4,23
2022,2,"LACS",54,1,15,3.33333333333333,15
2022,2,"LACS",23.61,1,25,4,25
2022,2,"LACS",40.1,1,32,4,32
2022,2,"LACS",17,1,32,3.33333333333333,32
2022,2,"LAT",2,1,22,3.66666666666667,22
2022,2,"LAT",3,1,16,3.69117647058824,17
2022,2,"LATS",3,1,12,3.16666666666667,12
2022,2,"LATS",8,1,28,4,28
2022,2,"LATS",37,1,21,4,21
2022,2,"LATS",40,1,21,3.33333333333333,21
2022,2,"LATS",45,1,20,3.83333333333333,20
2022,2,"LING",1,1,12,2.83333333333333,12
2022,2,"LING",17,1,25,4,25
2022,2,"LING",20,1,27,4,27
2022,2,"LING",24,1,10,4,10
2022,2,"LING",48,2,80,3.66666666666667,40
2022,2,"LING",7.07,1,11,3.66666666666667,11
2022,2,"LING",11.13,1,30,4,30
2022,2,"LING",11.17,1,29,4,29
2022,2,"MATH",8,2,62,3.33333333333333,31
2022,2,"MATH",10,3,390,4,130
2022,2,"MATH",13,3,198,3.66666666666667,66
2022,2,"MATH",20,1,43,3.66666666666667,43
2022,2,"MATH",22,3,324,4,108
2022,2,"MATH",23,2,46,3.66666666666667,23
2022,2,"MATH",24,1,15,4,15
2022,2,"MATH",38,1,15,3.66666666666667,15
2022,2,"MATH",46,1,16,3.16666666666667,16
2022,2,"MATH",60,1,25,4,23
2022,2,"MATH",70,1,10,3.66666666666667,10
2022,2,"MATH",74,1,10,4,10
2022,2,"MATH",75,1,13,4,13
2022,2,"MATH",87,1,10,4,10
2022,2,"MATH",30.04,2,99,4,49.5
2022,2,"MES",1,2,113,3.83185840707965,56.5
2022,2,"MES",4.01,1,22,3.33333333333333,22
2022,2,"MES",7.01,1,15,3.66666666666667,15
2022,2,"MES",7.05,1,16,3.66666666666667,16
2022,2,"MES",12.05,1,15,3.16666666666667,15
2022,2,"MES",12.14,1,17,4,15
2022,2,"MES",16.35,1,139,4,139
2022,2,"MES",19.05,1,13,3.66666666666667,13
2022,2,"MUS",1,1,45,4,45
2022,2,"MUS",2,1,43,4,30
2022,2,"MUS",8,1,35,4,35
2022,2,"MUS",3.06,1,27,4,27
2022,2,"MUS",8,1,31,4,31
2022,2,"MUS",70,1,14,4,14
2022,2,"MUS",71,1,14,4,14
2022,2,"MUS",87,1,14,4,14
2022,2,"MUS",14.04,1,31,4,31
2022,2,"MUS",17.06,1,30,4,30
2022,2,"MUS",30.02,1,14,4,11
2022,2,"MUS",53.03,1,19,3.66666666666667,19
2022,2,"MUS",56.03,1,23,3.33333333333333,23
2022,2,"MUS",99,1,18,4,18
2022,2,"NAS",8,1,34,4,30
2022,2,"NAS",15,1,15,3.66666666666667,18
2022,2,"NAS",16,1,13,3.66666666666667,16
2022,2,"NAS",18,1,17,4,15
2022,2,"NAS",35,1,44,3.66666666666667,44
2022,2,"NAS",50,1,38,3.66666666666667,42
2022,2,"NAS",7.07,1,15,4,15
2022,2,"NAS",30.21,1,26,3.66666666666667,27
2022,2,"NAS",30.24,1,27,4,27
2022,2,"NAS",30.25,1,15,4,15
2022,2,"NAS",81.04,1,14,4,14
2022,2,"PBPL",28,1,31,3.33333333333333,31
2022,2,"PBPL",40,1,28,3.33333333333333,36
2022,2,"PBPL",41,1,20,4,20
2022,2,"PBPL",84.04,1,17,3.66666666666667,17
2022,2,"PHIL",6,1,11,3.5,12
2022,2,"PHIL",8,1,33,3.66666666666667,26
2022,2,"PHIL",1.13,1,17,4,17
2022,2,"PHIL",12,1,12,4,12
2022,2,"PHIL",24,1,25,4,25
2022,2,"PHIL",30,1,13,4,13
2022,2,"PHIL",34,1,14,4,14
2022,2,"PHIL",9.02,1,27,3.66666666666667,27
2022,2,"",19.04,1,11,4,11
2022,2,"PHIL",31.09,1,11,4,11
2022,2,"PHIL",80.26,1,11,4,11
2022,2,"PHYS",1,1,34,4,34
2022,2,"PHYS",2,1,115,4,55
2022,2,"PHYS",1.11,1,39,3.33333333333333,39
2022,2,"PHYS",14,2,140,3,70
2022,2,"PHYS",40,1,16,3.66666666666667,16
2022,2,"PHYS",50,1,11,3.66666666666667,11
2022,2,"PHYS",7.08,1,16,4,16
2022,2,"PHYS",76,1,16,4,10
2022,2,"PSYC",1,1,65,3.66666666666667,65
2022,2,"PSYC",10,1,46,3.33333333333333,46
2022,2,"",11,1,29,4,29
2022,2,"PSYC",22,1,69,4,69
2022,2,"",25,1,21,4,21
2022,2,"PSYC",28,1,95,4,95
2022,2,"PSYC",36,1,26,3.66666666666667,26
2022,2,"PSYC",43,1,49,4,49
2022,2,"",7.02,1,16,4,16
2022,2,"PSYC",51.09,1,28,3.66666666666667,28
2022,2,"PSYC",52.06,1,10,3.83333333333333,10
2022,2,"PSYC",53.14,1,30,4,30
2022,2,"PSYC",5.05,1,33,4,33
2022,2,"PSYC",54.05,1,31,4,31
2022,2,"PSYC",17.08,1,16,4,16
2022,2,"PSYC",84.05,1,14,4,11
2022,2,"PSYC",86.05,1,13,4,13
2022,2,"QSS",17,2,48,3.33333333333333,24
2022,2,"",41,1,19,3.66666666666667,19
2022,2,"",82,1,11,4,11
2022,2,"QSS",30.03,1,14,3.66666666666667,14
2022,2,"QSS",30.04,2,116,4,53
2022,2,"REL",5,1,58,3.66666666666667,58
2022,2,"REL",1.09,1,57,3.66666666666667,57
2022,2,"REL",37,1,11,4,11
2022,2,"REL",43,1,26,3.66666666666667,26
2022,2,"REL",19.22,1,34,4,34
2022,2,"",68,1,56,3.66666666666667,56
2022,2,"REL",21.03,1,29,4,29
2022,2,"REL",28.04,1,13,3.66666666666667,13
2022,2,"REL",28.06,1,10,4,10
2022,2,"REL",41.07,1,27,4,27
2022,2,"REL",57.07,1,13,3.66666666666667,11
2022,2,"REL",80.1,1,12,3.66666666666667,12
2022,2,"RUSS",3,1,13,4,13
2022,2,"RUSS",38.1,1,31,3.33333333333333,31
2022,2,"RUSS",38.18,1,25,4,25
2022,2,"",38.19,1,12,4,12
2022,2,"RUSS",50.03,1,21,3.66666666666667,21
2022,2,"SART",15,3,43,4,14.3333333333333
2022,2,"SART",16,2,26,4,10
2022,2,"SART",25,1,12,4,14
2022,2,"SART",29,1,18,4,17
2022,2,"SART",30,1,11,4,11
2022,2,"SART",80.23,1,11,4,11
2022,2,"SART",16.09,1,11,4,11
2022,2,"SART",17.2,1,11,4,11
2022,2,"SOCY",1,1,50,4,49
2022,2,"SOCY",10,1,32,3.33333333333333,32
2022,2,"SOCY",11,1,26,4,26
2022,2,"SOCY",38,1,29,4,29
2022,2,"SOCY",42,1,19,4,19
2022,2,"SOCY",48,1,21,3.33333333333333,21
2022,2,"SOCY",69,1,19,4,19
2022,2,"SOCY",72,1,19,4,19
2022,2,"",91,1,17,4,17
2022,2,"SOCY",49.26,1,30,3.66666666666667,30
2022,2,"SOCY",49.27,1,19,4,19
2022,2,"SPAN",1,2,58,4,29
2022,2,"SPAN",2,4,160,3.66666666666667,40
2022,2,"",3,8,721,3.66666666666667,103
2022,2,"SPAN",9,2,54,4,27
2022,2,"SPAN",20,2,38,4,19
2022,2,"SPAN",23,1,11,4,11
2022,2,"SPAN",33,1,11,4,11
2022,2,"SPAN",35,1,11,4,11
2022,2,"SPAN",7.08,1,18,4,16
2022,2,"SPAN",40.07,1,11,4,11
2022,2,"SPAN",55.04,1,15,4,12
2022,2,"SPAN",73.04,1,14,4,14
2022,2,"SPAN",80.23,1,11,4,11
2022,2,"SPEE",72,1,16,4,15
2022,2,"SPEE",20.01,1,13,4,13
2022,2,"SPEE",20.03,1,12,4,12
2022,2,"THEA",17,1,16,4,16
2022,2,"THEA",27,1,14,4,14
2022,2,"",6,2,29,3.58620689655172,16
2022,2,"THEA",36,1,12,4,11
2022,2,"THEA",40,1,15,4,15
2022,2,"THEA",48,1,14,4,14
2022,2,"THEA",7.01,2,32,4,16
2022,2,"",10.08,1,19,4,18
2022,2,"TUCK",3,2,124,3.66666666666667,62
2022,2,"WGSS",3,1,23,4,22
2022,2,"WGSS",16,1,11,4,11
2022,2,"WGSS",7.01,1,16,4,16
2022,2,"WGSS",7.2,1,15,4,15
2022,2,"WGSS",80,1,10,4,10
2022,2,"WGSS",23.02,1,14,3.66666666666667,14
2022,2,"",33.03,1,34,4,34
2022,2,"WGSS",37.04,1,18,4,18
2022,2,"WGSS",42.05,1,28,4,28
2022,2,"WGSS",43.06,1,13,3.66666666666667,13
2022,2,"WGSS",51.09,1,30,3.66666666666667,19
2022,2,"WGSS",53.07,1,28,4,24
2022,2,"WGSS",65.07,1,18,4,18
2022,2,"",66.07,1,10,4,10
2022,2,"WGSS",66.11,1,10,4,10
2022,2,"WGSS",66.12,1,15,4,15
2022,2,"WGSS",66.14,2,136,4,68
2022,2,"WGSS",66.16,1,19,4,19
2022,2,"WGSS",66.17,1,17,4,10
2022,2,"WRIT",41,1,20,4,20
2022,2,"WRIT",1,1,16,4,16
2022,2,"WRIT",7.28,1,16,4,12
2022,2,"WRIT",7.3,1,16,3.83333333333333,16
2022,2,"WRIT",7.32,1,16,3.66666666666667,27
2022,2,"WRIT",7.34,1,16,3.83333333333333,16
2022,2,"WRIT",7.35,1,16,4,16
2022,2,"WRIT",7.36,1,16,3.66666666666667,16
2022,2,"WRIT",7.37,2,30,4,15
2022,2,"WRIT",7.38,1,16,4,16
